{
  "countries": [
    {
      "code": "AF",
      "name": "Afganist치n",
      "emoji": "游뷣릖",
      "states": []
    },
    {
      "code": "AX",
      "name": "칀land",
      "emoji": "游뷣릖",
      "states": []
    },
    {
      "code": "AL",
      "name": "Albania",
      "emoji": "游뷣릖",
      "states": []
    },
    {
      "code": "DE",
      "name": "Alemania",
      "emoji": "游뾇릖",
      "states": []
    },
    {
      "code": "AD",
      "name": "Andorra",
      "emoji": "游뷣릖",
      "states": []
    },
    {
      "code": "AO",
      "name": "Angola",
      "emoji": "游뷣릖",
      "states": []
    },
    {
      "code": "AI",
      "name": "Anguila",
      "emoji": "游뷣릖",
      "states": []
    },
    {
      "code": "AQ",
      "name": "Ant치rtida",
      "emoji": "游뷣릖",
      "states": []
    },
    {
      "code": "AG",
      "name": "Antigua y Barbuda",
      "emoji": "游뷣릖",
      "states": []
    },
    {
      "code": "SA",
      "name": "Arabia Saudita",
      "emoji": "游젏릖",
      "states": []
    },
    {
      "code": "DZ",
      "name": "Argelia",
      "emoji": "游뾇릖",
      "states": []
    },
    {
      "code": "AR",
      "name": "Argentina",
      "emoji": "游뷣릖",
      "states": [
        {
          "code": "BA",
          "name": "Buenos Aires"
        },
        {
          "code": "CA",
          "name": "Catamarca"
        },
        {
          "code": "CH",
          "name": "Chaco"
        },
        {
          "code": "CT",
          "name": "Chubut"
        },
        {
          "code": "CB",
          "name": "C칩rdoba"
        },
        {
          "code": "CR",
          "name": "Corrientes"
        },
        {
          "code": "ER",
          "name": "Entre R칤os"
        },
        {
          "code": "FO",
          "name": "Formosa"
        },
        {
          "code": "JY",
          "name": "Jujuy"
        },
        {
          "code": "LP",
          "name": "La Pampa"
        },
        {
          "code": "LR",
          "name": "La Rioja"
        },
        {
          "code": "MZ",
          "name": "Mendoza"
        },
        {
          "code": "MI",
          "name": "Misiones"
        },
        {
          "code": "NQ",
          "name": "Neuqu칠n"
        },
        {
          "code": "RN",
          "name": "R칤o Negro"
        },
        {
          "code": "SA",
          "name": "Salta"
        },
        {
          "code": "SJ",
          "name": "San Juan"
        },
        {
          "code": "SL",
          "name": "San Luis"
        },
        {
          "code": "SC",
          "name": "Santa Cruz"
        },
        {
          "code": "SF",
          "name": "Santa Fe"
        },
        {
          "code": "SE",
          "name": "Santiago del Estero"
        },
        {
          "code": "TF",
          "name": "Tierra del Fuego"
        },
        {
          "code": "TU",
          "name": "Tucum치n"
        }
      ]
    },
    {
      "code": "AM",
      "name": "Armenia",
      "emoji": "游뷣릖",
      "states": []
    },
    {
      "code": "AW",
      "name": "Aruba",
      "emoji": "游뷣릖",
      "states": []
    },
    {
      "code": "AU",
      "name": "Australia",
      "emoji": "游뷣릖",
      "states": []
    },
    {
      "code": "AT",
      "name": "Austria",
      "emoji": "游뷣릖",
      "states": []
    },
    {
      "code": "AZ",
      "name": "Azerbaiy치n",
      "emoji": "游뷣릖",
      "states": []
    },
    {
      "code": "BS",
      "name": "Bahamas",
      "emoji": "游游",
      "states": []
    },
    {
      "code": "BD",
      "name": "Banglad칠s",
      "emoji": "游游",
      "states": []
    },
    {
      "code": "BB",
      "name": "Barbados",
      "emoji": "游游",
      "states": []
    },
    {
      "code": "BH",
      "name": "Bar칠in",
      "emoji": "游游",
      "states": []
    },
    {
      "code": "BE",
      "name": "B칠lgica",
      "emoji": "游游",
      "states": []
    },
    {
      "code": "BZ",
      "name": "Belice",
      "emoji": "游游",
      "states": []
    },
    {
      "code": "BJ",
      "name": "Ben칤n",
      "emoji": "游游",
      "states": []
    },
    {
      "code": "BM",
      "name": "Bermudas",
      "emoji": "游游",
      "states": []
    },
    {
      "code": "BY",
      "name": "Bielorrusia",
      "emoji": "游游",
      "states": []
    },
    {
      "code": "MM",
      "name": "Birmania",
      "emoji": "游쓇릖",
      "states": []
    },
    {
      "code": "BO",
      "name": "Bolivia",
      "emoji": "游游",
      "states": [
        {
          "code": "H",
          "name": "Chuquisaca"
        },
        {
          "code": "C",
          "name": "Cochabamba"
        },
        {
          "code": "B",
          "name": "El Beni"
        },
        {
          "code": "L",
          "name": "La Paz"
        },
        {
          "code": "O",
          "name": "Oruro"
        },
        {
          "code": "N",
          "name": "Pando"
        },
        {
          "code": "P",
          "name": "Potos칤"
        },
        {
          "code": "S",
          "name": "Santa Cruz"
        },
        {
          "code": "T",
          "name": "Tarija"
        }
      ]
    },
    {
      "code": "BQ",
      "name": "Bonaire, San Eustaquio y Saba",
      "emoji": "游游",
      "states": []
    },
    {
      "code": "BA",
      "name": "Bosnia y Herzegovina",
      "emoji": "游游",
      "states": []
    },
    {
      "code": "BW",
      "name": "Botsuana",
      "emoji": "游游",
      "states": []
    },
    {
      "code": "BR",
      "name": "Brasil",
      "emoji": "游游",
      "states": [
        {
          "code": "AC",
          "name": "Acre"
        },
        {
          "code": "AL",
          "name": "Alagoas"
        },
        {
          "code": "AP",
          "name": "Amap치"
        },
        {
          "code": "AM",
          "name": "Amazonas"
        },
        {
          "code": "BA",
          "name": "Bah칤a"
        },
        {
          "code": "CE",
          "name": "Cear치"
        },
        {
          "code": "DF",
          "name": "Distrito Federal"
        },
        {
          "code": "ES",
          "name": "Esp칤rito Santo"
        },
        {
          "code": "GO",
          "name": "Goi치s"
        },
        {
          "code": "MA",
          "name": "Maranh칚o"
        },
        {
          "code": "MT",
          "name": "Mato Grosso"
        },
        {
          "code": "MS",
          "name": "Mato Grosso do Sul"
        },
        {
          "code": "MG",
          "name": "Minas Gerais"
        },
        {
          "code": "PA",
          "name": "Par치"
        },
        {
          "code": "PB",
          "name": "Para칤ba"
        },
        {
          "code": "PR",
          "name": "Paran치"
        },
        {
          "code": "PE",
          "name": "Pernambuco"
        },
        {
          "code": "PI",
          "name": "Piau칤"
        },
        {
          "code": "RJ",
          "name": "R칤o de Janeiro"
        },
        {
          "code": "RN",
          "name": "R칤o Grande do Norte"
        },
        {
          "code": "RS",
          "name": "R칤o Grande do Sul"
        },
        {
          "code": "RO",
          "name": "Rond칪nia"
        },
        {
          "code": "RR",
          "name": "Roraima"
        },
        {
          "code": "SC",
          "name": "Santa Catarina"
        },
        {
          "code": "SP",
          "name": "S칚o Paulo"
        },
        {
          "code": "SE",
          "name": "Sergipe"
        },
        {
          "code": "TO",
          "name": "Tocantins"
        }
      ]
    },
    {
      "code": "BN",
      "name": "Brun칠i",
      "emoji": "游游",
      "states": []
    },
    {
      "code": "BG",
      "name": "Bulgaria",
      "emoji": "游游",
      "states": []
    },
    {
      "code": "BF",
      "name": "Burkina Faso",
      "emoji": "游游",
      "states": []
    },
    {
      "code": "BI",
      "name": "Burundi",
      "emoji": "游游",
      "states": []
    },
    {
      "code": "BT",
      "name": "But치n",
      "emoji": "游游",
      "states": []
    },
    {
      "code": "CV",
      "name": "Cabo Verde",
      "emoji": "游뻟릖",
      "states": []
    },
    {
      "code": "KH",
      "name": "Camboya",
      "emoji": "游썷릖",
      "states": []
    },
    {
      "code": "CM",
      "name": "Camer칰n",
      "emoji": "游뻟릖",
      "states": []
    },
    {
      "code": "CA",
      "name": "Canad치",
      "emoji": "游뻟릖",
      "states": []
    },
    {
      "code": "QA",
      "name": "Catar",
      "emoji": "游윓릖",
      "states": []
    },
    {
      "code": "TD",
      "name": "Chad",
      "emoji": "游좷릖",
      "states": []
    },
    {
      "code": "CL",
      "name": "Chile",
      "emoji": "游뻟릖",
      "states": [
        {
          "code": "AI",
          "name": "Ais칠n"
        },
        {
          "code": "AN",
          "name": "Antofagasta"
        },
        {
          "code": "AP",
          "name": "Arica y Parinacota"
        },
        {
          "code": "AT",
          "name": "Atacama"
        },
        {
          "code": "BI",
          "name": "Biob칤o"
        },
        {
          "code": "CO",
          "name": "Coquimbo"
        },
        {
          "code": "AR",
          "name": "La Araucan칤a"
        },
        {
          "code": "LI",
          "name": "Libertador General Bernardo O'Higgins"
        },
        {
          "code": "LL",
          "name": "Los Lagos"
        },
        {
          "code": "LR",
          "name": "Los R칤os"
        },
        {
          "code": "MA",
          "name": "Magallanes"
        },
        {
          "code": "ML",
          "name": "Maule"
        },
        {
          "code": "NB",
          "name": "칌uble"
        },
        {
          "code": "RM",
          "name": "Regi칩n Metropolitana"
        },
        {
          "code": "TA",
          "name": "Tarapac치"
        },
        {
          "code": "VS",
          "name": "Valpara칤so"
        }
      ]
    },
    {
      "code": "CN",
      "name": "China",
      "emoji": "游뻟릖",
      "states": []
    },
    {
      "code": "CY",
      "name": "Chipre",
      "emoji": "游뻟릖",
      "states": []
    },
    {
      "code": "CO",
      "name": "Colombia",
      "emoji": "游뻟릖",
      "states": [
        {
          "code": "AMA",
          "name": "Amazonas"
        },
        {
          "code": "ANT",
          "name": "Antioquia"
        },
        {
          "code": "ARA",
          "name": "Arauca"
        },
        {
          "code": "ATL",
          "name": "Atl치ntico"
        },
        {
          "code": "BOL",
          "name": "Bol칤var"
        },
        {
          "code": "BOY",
          "name": "Boyac치"
        },
        {
          "code": "CAL",
          "name": "Caldas"
        },
        {
          "code": "CAQ",
          "name": "Caquet치"
        },
        {
          "code": "CAS",
          "name": "Casanare"
        },
        {
          "code": "CAU",
          "name": "Cauca"
        },
        {
          "code": "CES",
          "name": "Cesar"
        },
        {
          "code": "CHO",
          "name": "Choc칩"
        },
        {
          "code": "COR",
          "name": "C칩rdoba"
        },
        {
          "code": "CUN",
          "name": "Cundinamarca"
        },
        {
          "code": "DC",
          "name": "Distrito Capital"
        },
        {
          "code": "GUA",
          "name": "Guain칤a"
        },
        {
          "code": "GUV",
          "name": "Guaviare"
        },
        {
          "code": "HUI",
          "name": "Huila"
        },
        {
          "code": "LAG",
          "name": "La Guajira"
        },
        {
          "code": "MAG",
          "name": "Magdalena"
        },
        {
          "code": "MET",
          "name": "Meta"
        },
        {
          "code": "NAR",
          "name": "Nari침o"
        },
        {
          "code": "NSA",
          "name": "Norte de Santander"
        },
        {
          "code": "PUT",
          "name": "Putumayo"
        },
        {
          "code": "QUI",
          "name": "Quind칤o"
        },
        {
          "code": "RIS",
          "name": "Risaralda"
        },
        {
          "code": "SAP",
          "name": "San Andr칠s y Providencia"
        },
        {
          "code": "SAN",
          "name": "Santander"
        },
        {
          "code": "SUC",
          "name": "Sucre"
        },
        {
          "code": "TOL",
          "name": "Tolima"
        },
        {
          "code": "VAC",
          "name": "Valle del Cauca"
        },
        {
          "code": "VAU",
          "name": "Vaup칠s"
        },
        {
          "code": "VID",
          "name": "Vichada"
        }
      ]
    },
    {
      "code": "KM",
      "name": "Comoras",
      "emoji": "游썷릖",
      "states": []
    },
    {
      "code": "KP",
      "name": "Corea del Norte",
      "emoji": "游썷릖",
      "states": []
    },
    {
      "code": "KR",
      "name": "Corea del Sur",
      "emoji": "游썷릖",
      "states": []
    },
    {
      "code": "CI",
      "name": "Costa de Marfil",
      "emoji": "游뻟릖",
      "states": []
    },
    {
      "code": "CR",
      "name": "Costa Rica",
      "emoji": "游뻟릖",
      "states": [
        {
          "code": "A",
          "name": "Alajuela"
        },
        {
          "code": "C",
          "name": "Cartago"
        },
        {
          "code": "G",
          "name": "Guanacaste"
        },
        {
          "code": "H",
          "name": "Heredia"
        },
        {
          "code": "L",
          "name": "Lim칩n"
        },
        {
          "code": "P",
          "name": "Puntarenas"
        },
        {
          "code": "SJ",
          "name": "San Jos칠"
        }
      ]
    },
    {
      "code": "HR",
      "name": "Croacia",
      "emoji": "游쇓릖",
      "states": []
    },
    {
      "code": "CU",
      "name": "Cuba",
      "emoji": "游뻟릖",
      "states": []
    },
    {
      "code": "CW",
      "name": "Curazao",
      "emoji": "游뻟릖",
      "states": []
    },
    {
      "code": "DK",
      "name": "Dinamarca",
      "emoji": "游뾇릖",
      "states": []
    },
    {
      "code": "DM",
      "name": "Dominica",
      "emoji": "游뾇릖",
      "states": []
    },
    {
      "code": "EC",
      "name": "Ecuador",
      "emoji": "游쀯릖",
      "states": [
        {
          "code": "A",
          "name": "Azuay"
        },
        {
          "code": "B",
          "name": "Bol칤var"
        },
        {
          "code": "F",
          "name": "Ca침ar"
        },
        {
          "code": "C",
          "name": "Carchi"
        },
        {
          "code": "H",
          "name": "Chimborazo"
        },
        {
          "code": "X",
          "name": "Cotopaxi"
        },
        {
          "code": "O",
          "name": "El Oro"
        },
        {
          "code": "E",
          "name": "Esmeraldas"
        },
        {
          "code": "W",
          "name": "Gal치pagos"
        },
        {
          "code": "G",
          "name": "Guayas"
        },
        {
          "code": "I",
          "name": "Imbabura"
        },
        {
          "code": "L",
          "name": "Loja"
        },
        {
          "code": "R",
          "name": "Los R칤os"
        },
        {
          "code": "M",
          "name": "Manab칤"
        },
        {
          "code": "S",
          "name": "Morona Santiago"
        },
        {
          "code": "N",
          "name": "Napo"
        },
        {
          "code": "D",
          "name": "Orellana"
        },
        {
          "code": "Y",
          "name": "Pastaza"
        },
        {
          "code": "P",
          "name": "Pichincha"
        },
        {
          "code": "SE",
          "name": "Santa Elena"
        },
        {
          "code": "SD",
          "name": "Santo Domingo de los Ts치chilas"
        },
        {
          "code": "U",
          "name": "Sucumb칤os"
        },
        {
          "code": "T",
          "name": "Tungurahua"
        },
        {
          "code": "Z",
          "name": "Zamora Chinchipe"
        }
      ]
    },
    {
      "code": "EG",
      "name": "Egipto",
      "emoji": "游쀯릖",
      "states": []
    },
    {
      "code": "SV",
      "name": "El Salvador",
      "emoji": "游젏릖",
      "states": [
        {
          "code": "AH",
          "name": "Ahuachap치n"
        },
        {
          "code": "CA",
          "name": "Caba침as"
        },
        {
          "code": "CH",
          "name": "Chalatenango"
        },
        {
          "code": "CU",
          "name": "Cuscatl치n"
        },
        {
          "code": "LI",
          "name": "La Libertad"
        },
        {
          "code": "PA",
          "name": "La Paz"
        },
        {
          "code": "UN",
          "name": "La Uni칩n"
        },
        {
          "code": "MO",
          "name": "Moraz치n"
        },
        {
          "code": "SM",
          "name": "San Miguel"
        },
        {
          "code": "SS",
          "name": "San Salvador"
        },
        {
          "code": "SV",
          "name": "San Vicente"
        },
        {
          "code": "SA",
          "name": "Santa Ana"
        },
        {
          "code": "SO",
          "name": "Sonsonate"
        },
        {
          "code": "US",
          "name": "Usulut치n"
        }
      ]
    },
    {
      "code": "AE",
      "name": "Emiratos 츼rabes Unidos",
      "emoji": "游뷣릖",
      "states": []
    },
    {
      "code": "ER",
      "name": "Eritrea",
      "emoji": "游쀯릖",
      "states": []
    },
    {
      "code": "SK",
      "name": "Eslovaquia",
      "emoji": "游젏릖",
      "states": []
    },
    {
      "code": "SI",
      "name": "Eslovenia",
      "emoji": "游젏릖",
      "states": []
    },
    {
      "code": "ES",
      "name": "Espa침a",
      "emoji": "游쀯릖",
      "states": [
        {
          "code": "AN",
          "name": "Andaluc칤a"
        },
        {
          "code": "AR",
          "name": "Arag칩n"
        },
        {
          "code": "AS",
          "name": "Asturias"
        },
        {
          "code": "IB",
          "name": "Islas Baleares"
        },
        {
          "code": "CN",
          "name": "Islas Canarias"
        },
        {
          "code": "CB",
          "name": "Cantabria"
        },
        {
          "code": "CL",
          "name": "Castilla y Le칩n"
        },
        {
          "code": "CM",
          "name": "Castilla-La Mancha"
        },
        {
          "code": "CT",
          "name": "Catalu침a"
        },
        {
          "code": "CE",
          "name": "Ceuta"
        },
        {
          "code": "EX",
          "name": "Extremadura"
        },
        {
          "code": "GA",
          "name": "Galicia"
        },
        {
          "code": "RI",
          "name": "La Rioja"
        },
        {
          "code": "MD",
          "name": "Madrid"
        },
        {
          "code": "ML",
          "name": "Melilla"
        },
        {
          "code": "MC",
          "name": "Murcia"
        },
        {
          "code": "NC",
          "name": "Navarra"
        },
        {
          "code": "PV",
          "name": "Pa칤s Vasco"
        },
        {
          "code": "VC",
          "name": "Comunidad Valenciana"
        }
      ]
    },
    {
      "code": "US",
      "name": "Estados Unidos",
      "emoji": "游쥟릖",
      "states": [
        {
          "code": "AL",
          "name": "Alabama"
        },
        {
          "code": "AK",
          "name": "Alaska"
        },
        {
          "code": "AZ",
          "name": "Arizona"
        },
        {
          "code": "AR",
          "name": "Arkansas"
        },
        {
          "code": "CA",
          "name": "California"
        },
        {
          "code": "CO",
          "name": "Colorado"
        },
        {
          "code": "CT",
          "name": "Connecticut"
        },
        {
          "code": "DE",
          "name": "Delaware"
        },
        {
          "code": "FL",
          "name": "Florida"
        },
        {
          "code": "GA",
          "name": "Georgia"
        },
        {
          "code": "HI",
          "name": "Hawaii"
        },
        {
          "code": "ID",
          "name": "Idaho"
        },
        {
          "code": "IL",
          "name": "Illinois"
        },
        {
          "code": "IN",
          "name": "Indiana"
        },
        {
          "code": "IA",
          "name": "Iowa"
        },
        {
          "code": "KS",
          "name": "Kansas"
        },
        {
          "code": "KY",
          "name": "Kentucky"
        },
        {
          "code": "LA",
          "name": "Louisiana"
        },
        {
          "code": "ME",
          "name": "Maine"
        },
        {
          "code": "MD",
          "name": "Maryland"
        },
        {
          "code": "MA",
          "name": "Massachusetts"
        },
        {
          "code": "MI",
          "name": "Michigan"
        },
        {
          "code": "MN",
          "name": "Minnesota"
        },
        {
          "code": "MS",
          "name": "Mississippi"
        },
        {
          "code": "MO",
          "name": "Missouri"
        },
        {
          "code": "MT",
          "name": "Montana"
        },
        {
          "code": "NE",
          "name": "Nebraska"
        },
        {
          "code": "NV",
          "name": "Nevada"
        },
        {
          "code": "NH",
          "name": "New Hampshire"
        },
        {
          "code": "NJ",
          "name": "New Jersey"
        },
        {
          "code": "NM",
          "name": "New Mexico"
        },
        {
          "code": "NY",
          "name": "New York"
        },
        {
          "code": "NC",
          "name": "North Carolina"
        },
        {
          "code": "ND",
          "name": "North Dakota"
        },
        {
          "code": "OH",
          "name": "Ohio"
        },
        {
          "code": "OK",
          "name": "Oklahoma"
        },
        {
          "code": "OR",
          "name": "Oregon"
        },
        {
          "code": "PA",
          "name": "Pennsylvania"
        },
        {
          "code": "RI",
          "name": "Rhode Island"
        },
        {
          "code": "SC",
          "name": "South Carolina"
        },
        {
          "code": "SD",
          "name": "South Dakota"
        },
        {
          "code": "TN",
          "name": "Tennessee"
        },
        {
          "code": "TX",
          "name": "Texas"
        },
        {
          "code": "UT",
          "name": "Utah"
        },
        {
          "code": "VT",
          "name": "Vermont"
        },
        {
          "code": "VA",
          "name": "Virginia"
        },
        {
          "code": "WA",
          "name": "Washington"
        },
        {
          "code": "WV",
          "name": "West Virginia"
        },
        {
          "code": "WI",
          "name": "Wisconsin"
        },
        {
          "code": "WY",
          "name": "Wyoming"
        }
      ]
    },
    {
      "code": "EE",
      "name": "Estonia",
      "emoji": "游쀯릖",
      "states": []
    },
    {
      "code": "ET",
      "name": "Etiop칤a",
      "emoji": "游쀯릖",
      "states": []
    },
    {
      "code": "PH",
      "name": "Filipinas",
      "emoji": "游왫릖",
      "states": []
    },
    {
      "code": "FI",
      "name": "Finlandia",
      "emoji": "游游",
      "states": []
    },
    {
      "code": "FJ",
      "name": "Fiyi",
      "emoji": "游游",
      "states": []
    },
    {
      "code": "FR",
      "name": "Francia",
      "emoji": "游游",
      "states": []
    },
    {
      "code": "GA",
      "name": "Gab칩n",
      "emoji": "游섫릖",
      "states": []
    },
    {
      "code": "GM",
      "name": "Gambia",
      "emoji": "游섫릖",
      "states": []
    },
    {
      "code": "GE",
      "name": "Georgia",
      "emoji": "游섫릖",
      "states": []
    },
    {
      "code": "GH",
      "name": "Ghana",
      "emoji": "游섫릖",
      "states": []
    },
    {
      "code": "GI",
      "name": "Gibraltar",
      "emoji": "游섫릖",
      "states": []
    },
    {
      "code": "GD",
      "name": "Granada",
      "emoji": "游섫릖",
      "states": []
    },
    {
      "code": "GR",
      "name": "Grecia",
      "emoji": "游섫릖",
      "states": []
    },
    {
      "code": "GL",
      "name": "Groenlandia",
      "emoji": "游섫릖",
      "states": []
    },
    {
      "code": "GP",
      "name": "Guadalupe",
      "emoji": "游섫릖",
      "states": []
    },
    {
      "code": "GU",
      "name": "Guam",
      "emoji": "游섫릖",
      "states": []
    },
    {
      "code": "GT",
      "name": "Guatemala",
      "emoji": "游섫릖",
      "states": [
        {
          "code": "AV",
          "name": "Alta Verapaz"
        },
        {
          "code": "BV",
          "name": "Baja Verapaz"
        },
        {
          "code": "CM",
          "name": "Chimaltenango"
        },
        {
          "code": "CQ",
          "name": "Chiquimula"
        },
        {
          "code": "PR",
          "name": "El Progreso"
        },
        {
          "code": "ES",
          "name": "Escuintla"
        },
        {
          "code": "GU",
          "name": "Guatemala"
        },
        {
          "code": "HU",
          "name": "Huehuetenango"
        },
        {
          "code": "IZ",
          "name": "Izabal"
        },
        {
          "code": "JA",
          "name": "Jalapa"
        },
        {
          "code": "JU",
          "name": "Jutiapa"
        },
        {
          "code": "PE",
          "name": "Pet칠n"
        },
        {
          "code": "QZ",
          "name": "Quetzaltenango"
        },
        {
          "code": "QC",
          "name": "Quich칠"
        },
        {
          "code": "RE",
          "name": "Retalhuleu"
        },
        {
          "code": "SA",
          "name": "Sacatep칠quez"
        },
        {
          "code": "SM",
          "name": "San Marcos"
        },
        {
          "code": "SR",
          "name": "Santa Rosa"
        },
        {
          "code": "SO",
          "name": "Solol치"
        },
        {
          "code": "SU",
          "name": "Suchitep칠quez"
        },
        {
          "code": "TO",
          "name": "Totonicap치n"
        },
        {
          "code": "ZA",
          "name": "Zacapa"
        }
      ]
    },
    {
      "code": "GF",
      "name": "Guayana Francesa",
      "emoji": "游섫릖",
      "states": []
    },
    {
      "code": "GG",
      "name": "Guernsey",
      "emoji": "游섫릖",
      "states": []
    },
    {
      "code": "GN",
      "name": "Guinea",
      "emoji": "游섫릖",
      "states": []
    },
    {
      "code": "GQ",
      "name": "Guinea Ecuatorial",
      "emoji": "游섫릖",
      "states": []
    },
    {
      "code": "GW",
      "name": "Guinea-Bis치u",
      "emoji": "游섫릖",
      "states": []
    },
    {
      "code": "GY",
      "name": "Guyana",
      "emoji": "游섫릖",
      "states": []
    },
    {
      "code": "HT",
      "name": "Hait칤",
      "emoji": "游쇓릖",
      "states": []
    },
    {
      "code": "HN",
      "name": "Honduras",
      "emoji": "游쇓릖",
      "states": [
        {
          "code": "AT",
          "name": "Atl치ntida"
        },
        {
          "code": "CH",
          "name": "Choluteca"
        },
        {
          "code": "CL",
          "name": "Col칩n"
        },
        {
          "code": "CM",
          "name": "Comayagua"
        },
        {
          "code": "CP",
          "name": "Cop치n"
        },
        {
          "code": "CR",
          "name": "Cort칠s"
        },
        {
          "code": "EP",
          "name": "El Para칤so"
        },
        {
          "code": "FM",
          "name": "Francisco Moraz치n"
        },
        {
          "code": "GD",
          "name": "Gracias a Dios"
        },
        {
          "code": "IN",
          "name": "Intibuc치"
        },
        {
          "code": "IB",
          "name": "Islas de la Bah칤a"
        },
        {
          "code": "LP",
          "name": "La Paz"
        },
        {
          "code": "LE",
          "name": "Lempira"
        },
        {
          "code": "OC",
          "name": "Ocotepeque"
        },
        {
          "code": "OL",
          "name": "Olancho"
        },
        {
          "code": "SB",
          "name": "Santa B치rbara"
        },
        {
          "code": "VA",
          "name": "Valle"
        },
        {
          "code": "YO",
          "name": "Yoro"
        }
      ]
    },
    {
      "code": "HK",
      "name": "Hong Kong",
      "emoji": "游쇓릖",
      "states": []
    },
    {
      "code": "HU",
      "name": "Hungr칤a",
      "emoji": "游쇓릖",
      "states": []
    },
    {
      "code": "IN",
      "name": "India",
      "emoji": "游쉻릖",
      "states": []
    },
    {
      "code": "ID",
      "name": "Indonesia",
      "emoji": "游쉻릖",
      "states": []
    },
    {
      "code": "IQ",
      "name": "Irak",
      "emoji": "游쉻릖",
      "states": []
    },
    {
      "code": "IR",
      "name": "Ir치n",
      "emoji": "游쉻릖",
      "states": []
    },
    {
      "code": "IE",
      "name": "Irlanda",
      "emoji": "游쉻릖",
      "states": []
    },
    {
      "code": "BV",
      "name": "Isla Bouvet",
      "emoji": "游游",
      "states": []
    },
    {
      "code": "IM",
      "name": "Isla de Man",
      "emoji": "游쉻릖",
      "states": []
    },
    {
      "code": "CX",
      "name": "Isla de Navidad",
      "emoji": "游뻟릖",
      "states": []
    },
    {
      "code": "NF",
      "name": "Isla Norfolk",
      "emoji": "游游",
      "states": []
    },
    {
      "code": "IS",
      "name": "Islandia",
      "emoji": "游쉻릖",
      "states": []
    },
    {
      "code": "KY",
      "name": "Islas Caim치n",
      "emoji": "游썷릖",
      "states": []
    },
    {
      "code": "CC",
      "name": "Islas Cocos",
      "emoji": "游뻟릖",
      "states": []
    },
    {
      "code": "CK",
      "name": "Islas Cook",
      "emoji": "游뻟릖",
      "states": []
    },
    {
      "code": "FO",
      "name": "Islas Feroe",
      "emoji": "游游",
      "states": []
    },
    {
      "code": "GS",
      "name": "Islas Georgias del Sur y Sandwich del Sur",
      "emoji": "游섫릖",
      "states": []
    },
    {
      "code": "HM",
      "name": "Islas Heard y McDonald",
      "emoji": "游쇓릖",
      "states": []
    },
    {
      "code": "FK",
      "name": "Islas Malvinas",
      "emoji": "游游",
      "states": []
    },
    {
      "code": "MP",
      "name": "Islas Marianas del Norte",
      "emoji": "游쓇릖",
      "states": []
    },
    {
      "code": "MH",
      "name": "Islas Marshall",
      "emoji": "游쓇릖",
      "states": []
    },
    {
      "code": "PN",
      "name": "Islas Pitcairn",
      "emoji": "游왫릖",
      "states": []
    },
    {
      "code": "SB",
      "name": "Islas Salom칩n",
      "emoji": "游젏릖",
      "states": []
    },
    {
      "code": "TC",
      "name": "Islas Turcas y Caicos",
      "emoji": "游좷릖",
      "states": []
    },
    {
      "code": "UM",
      "name": "Islas Ultramarinas Menores de los Estados Unidos",
      "emoji": "游쥟릖",
      "states": []
    },
    {
      "code": "VG",
      "name": "Islas V칤rgenes Brit치nicas",
      "emoji": "游游",
      "states": []
    },
    {
      "code": "VI",
      "name": "Islas V칤rgenes de los Estados Unidos",
      "emoji": "游游",
      "states": []
    },
    {
      "code": "IL",
      "name": "Israel",
      "emoji": "游쉻릖",
      "states": []
    },
    {
      "code": "IT",
      "name": "Italia",
      "emoji": "游쉻릖",
      "states": []
    },
    {
      "code": "JM",
      "name": "Jamaica",
      "emoji": "游游",
      "states": []
    },
    {
      "code": "JP",
      "name": "Jap칩n",
      "emoji": "游游",
      "states": []
    },
    {
      "code": "JE",
      "name": "Jersey",
      "emoji": "游游",
      "states": []
    },
    {
      "code": "JO",
      "name": "Jordania",
      "emoji": "游游",
      "states": []
    },
    {
      "code": "KZ",
      "name": "Kazajist치n",
      "emoji": "游썷릖",
      "states": []
    },
    {
      "code": "KE",
      "name": "Kenia",
      "emoji": "游썷릖",
      "states": []
    },
    {
      "code": "KG",
      "name": "Kirguist치n",
      "emoji": "游썷릖",
      "states": []
    },
    {
      "code": "KI",
      "name": "Kiribati",
      "emoji": "游썷릖",
      "states": []
    },
    {
      "code": "KW",
      "name": "Kuwait",
      "emoji": "游썷릖",
      "states": []
    },
    {
      "code": "LA",
      "name": "Laos",
      "emoji": "游쐟릖",
      "states": []
    },
    {
      "code": "LS",
      "name": "Lesoto",
      "emoji": "游쐟릖",
      "states": []
    },
    {
      "code": "LV",
      "name": "Letonia",
      "emoji": "游쐟릖",
      "states": []
    },
    {
      "code": "LB",
      "name": "L칤bano",
      "emoji": "游쐟릖",
      "states": []
    },
    {
      "code": "LR",
      "name": "Liberia",
      "emoji": "游쐟릖",
      "states": []
    },
    {
      "code": "LY",
      "name": "Libia",
      "emoji": "游쐟릖",
      "states": []
    },
    {
      "code": "LI",
      "name": "Liechtenstein",
      "emoji": "游쐟릖",
      "states": []
    },
    {
      "code": "LT",
      "name": "Lituania",
      "emoji": "游쐟릖",
      "states": []
    },
    {
      "code": "LU",
      "name": "Luxemburgo",
      "emoji": "游쐟릖",
      "states": []
    },
    {
      "code": "MO",
      "name": "Macao",
      "emoji": "游쓇릖",
      "states": []
    },
    {
      "code": "MK",
      "name": "Macedonia del Norte",
      "emoji": "游쓇릖",
      "states": []
    },
    {
      "code": "MG",
      "name": "Madagascar",
      "emoji": "游쓇릖",
      "states": []
    },
    {
      "code": "MY",
      "name": "Malasia",
      "emoji": "游쓇릖",
      "states": []
    },
    {
      "code": "MW",
      "name": "Malaui",
      "emoji": "游쓇릖",
      "states": []
    },
    {
      "code": "MV",
      "name": "Maldivas",
      "emoji": "游쓇릖",
      "states": []
    },
    {
      "code": "ML",
      "name": "Mali",
      "emoji": "游쓇릖",
      "states": []
    },
    {
      "code": "MT",
      "name": "Malta",
      "emoji": "游쓇릖",
      "states": []
    },
    {
      "code": "MA",
      "name": "Marruecos",
      "emoji": "游쓇릖",
      "states": []
    },
    {
      "code": "MQ",
      "name": "Martinica",
      "emoji": "游쓇릖",
      "states": []
    },
    {
      "code": "MU",
      "name": "Mauricio",
      "emoji": "游쓇릖",
      "states": []
    },
    {
      "code": "MR",
      "name": "Mauritania",
      "emoji": "游쓇릖",
      "states": []
    },
    {
      "code": "YT",
      "name": "Mayotte",
      "emoji": "游쮫릖",
      "states": []
    },
    {
      "code": "MX",
      "name": "M칠xico",
      "emoji": "游쓇릖",
      "states": [
        {
          "code": "AGU",
          "name": "Aguascalientes"
        },
        {
          "code": "BCN",
          "name": "Baja California"
        },
        {
          "code": "BCS",
          "name": "Baja California Sur"
        },
        {
          "code": "CAM",
          "name": "Campeche"
        },
        {
          "code": "CHP",
          "name": "Chiapas"
        },
        {
          "code": "CHH",
          "name": "Chihuahua"
        },
        {
          "code": "CMX",
          "name": "Ciudad de M칠xico"
        },
        {
          "code": "COA",
          "name": "Coahuila"
        },
        {
          "code": "COL",
          "name": "Colima"
        },
        {
          "code": "DUR",
          "name": "Durango"
        },
        {
          "code": "GUA",
          "name": "Guanajuato"
        },
        {
          "code": "GRO",
          "name": "Guerrero"
        },
        {
          "code": "HID",
          "name": "Hidalgo"
        },
        {
          "code": "JAL",
          "name": "Jalisco"
        },
        {
          "code": "MEX",
          "name": "Estado de M칠xico"
        },
        {
          "code": "MIC",
          "name": "Michoac치n"
        },
        {
          "code": "MOR",
          "name": "Morelos"
        },
        {
          "code": "NAY",
          "name": "Nayarit"
        },
        {
          "code": "NLE",
          "name": "Nuevo Le칩n"
        },
        {
          "code": "OAX",
          "name": "Oaxaca"
        },
        {
          "code": "PUE",
          "name": "Puebla"
        },
        {
          "code": "QUE",
          "name": "Quer칠taro"
        },
        {
          "code": "ROO",
          "name": "Quintana Roo"
        },
        {
          "code": "SLP",
          "name": "San Luis Potos칤"
        },
        {
          "code": "SIN",
          "name": "Sinaloa"
        },
        {
          "code": "SON",
          "name": "Sonora"
        },
        {
          "code": "TAB",
          "name": "Tabasco"
        },
        {
          "code": "TAM",
          "name": "Tamaulipas"
        },
        {
          "code": "TLA",
          "name": "Tlaxcala"
        },
        {
          "code": "VER",
          "name": "Veracruz"
        },
        {
          "code": "YUC",
          "name": "Yucat치n"
        },
        {
          "code": "ZAC",
          "name": "Zacatecas"
        }
      ]
    },
    {
      "code": "FM",
      "name": "Micronesia",
      "emoji": "游游",
      "states": []
    },
    {
      "code": "MD",
      "name": "Moldavia",
      "emoji": "游쓇릖",
      "states": []
    },
    {
      "code": "MC",
      "name": "M칩naco",
      "emoji": "游쓇릖",
      "states": []
    },
    {
      "code": "MN",
      "name": "Mongolia",
      "emoji": "游쓇릖",
      "states": []
    },
    {
      "code": "ME",
      "name": "Montenegro",
      "emoji": "游쓇릖",
      "states": []
    },
    {
      "code": "MS",
      "name": "Montserrat",
      "emoji": "游쓇릖",
      "states": []
    },
    {
      "code": "MZ",
      "name": "Mozambique",
      "emoji": "游쓇릖",
      "states": []
    },
    {
      "code": "NA",
      "name": "Namibia",
      "emoji": "游游",
      "states": []
    },
    {
      "code": "NR",
      "name": "Nauru",
      "emoji": "游游",
      "states": []
    },
    {
      "code": "NP",
      "name": "Nepal",
      "emoji": "游游",
      "states": []
    },
    {
      "code": "NI",
      "name": "Nicaragua",
      "emoji": "游游",
      "states": [
        {
          "code": "AN",
          "name": "Atl치ntico Norte"
        },
        {
          "code": "AS",
          "name": "Atl치ntico Sur"
        },
        {
          "code": "BO",
          "name": "Boaco"
        },
        {
          "code": "CA",
          "name": "Carazo"
        },
        {
          "code": "CI",
          "name": "Chinandega"
        },
        {
          "code": "CO",
          "name": "Chontales"
        },
        {
          "code": "ES",
          "name": "Estel칤"
        },
        {
          "code": "GR",
          "name": "Granada"
        },
        {
          "code": "JI",
          "name": "Jinotega"
        },
        {
          "code": "LE",
          "name": "Le칩n"
        },
        {
          "code": "MD",
          "name": "Madriz"
        },
        {
          "code": "MN",
          "name": "Managua"
        },
        {
          "code": "MS",
          "name": "Masaya"
        },
        {
          "code": "MT",
          "name": "Matagalpa"
        },
        {
          "code": "NS",
          "name": "Nueva Segovia"
        },
        {
          "code": "RI",
          "name": "Rivas"
        },
        {
          "code": "SJ",
          "name": "R칤o San Juan"
        }
      ]
    },
    {
      "code": "NE",
      "name": "N칤ger",
      "emoji": "游游",
      "states": []
    },
    {
      "code": "NG",
      "name": "Nigeria",
      "emoji": "游游",
      "states": []
    },
    {
      "code": "NU",
      "name": "Niue",
      "emoji": "游游",
      "states": []
    },
    {
      "code": "NO",
      "name": "Noruega",
      "emoji": "游游",
      "states": []
    },
    {
      "code": "NC",
      "name": "Nueva Caledonia",
      "emoji": "游游",
      "states": []
    },
    {
      "code": "NZ",
      "name": "Nueva Zelanda",
      "emoji": "游游",
      "states": []
    },
    {
      "code": "OM",
      "name": "Om치n",
      "emoji": "游엃릖",
      "states": []
    },
    {
      "code": "NL",
      "name": "Pa칤ses Bajos",
      "emoji": "游游",
      "states": []
    },
    {
      "code": "PK",
      "name": "Pakist치n",
      "emoji": "游왫릖",
      "states": []
    },
    {
      "code": "PW",
      "name": "Palaos",
      "emoji": "游왫릖",
      "states": []
    },
    {
      "code": "PS",
      "name": "Palestina",
      "emoji": "游왫릖",
      "states": []
    },
    {
      "code": "PA",
      "name": "Panam치",
      "emoji": "游왫릖",
      "states": [
        {
          "code": "1",
          "name": "Bocas del Toro"
        },
        {
          "code": "4",
          "name": "Chiriqu칤"
        },
        {
          "code": "2",
          "name": "Cocl칠"
        },
        {
          "code": "3",
          "name": "Col칩n"
        },
        {
          "code": "5",
          "name": "Dari칠n"
        },
        {
          "code": "EM",
          "name": "Ember치"
        },
        {
          "code": "6",
          "name": "Herrera"
        },
        {
          "code": "KY",
          "name": "Guna Yala"
        },
        {
          "code": "7",
          "name": "Los Santos"
        },
        {
          "code": "NB",
          "name": "Ng칛be-Bugl칠"
        },
        {
          "code": "8",
          "name": "Panam치"
        },
        {
          "code": "10",
          "name": "Panam치 Oeste"
        },
        {
          "code": "9",
          "name": "Veraguas"
        }
      ]
    },
    {
      "code": "PG",
      "name": "Pap칰a Nueva Guinea",
      "emoji": "游왫릖",
      "states": []
    },
    {
      "code": "PY",
      "name": "Paraguay",
      "emoji": "游왫릖",
      "states": [
        {
          "code": "16",
          "name": "Alto Paraguay"
        },
        {
          "code": "10",
          "name": "Alto Paran치"
        },
        {
          "code": "13",
          "name": "Amambay"
        },
        {
          "code": "ASU",
          "name": "Asunci칩n"
        },
        {
          "code": "19",
          "name": "Boquer칩n"
        },
        {
          "code": "5",
          "name": "Caaguaz칰"
        },
        {
          "code": "6",
          "name": "Caazap치"
        },
        {
          "code": "14",
          "name": "Canindey칰"
        },
        {
          "code": "11",
          "name": "Central"
        },
        {
          "code": "1",
          "name": "Concepci칩n"
        },
        {
          "code": "3",
          "name": "Cordillera"
        },
        {
          "code": "4",
          "name": "Guair치"
        },
        {
          "code": "7",
          "name": "Itap칰a"
        },
        {
          "code": "8",
          "name": "Misiones"
        },
        {
          "code": "9",
          "name": "Paraguar칤"
        },
        {
          "code": "15",
          "name": "Presidente Hayes"
        },
        {
          "code": "2",
          "name": "San Pedro"
        },
        {
          "code": "12",
          "name": "칌eembuc칰"
        }
      ]
    },
    {
      "code": "PE",
      "name": "Per칰",
      "emoji": "游왫릖",
      "states": [
        {
          "code": "AMA",
          "name": "Amazonas"
        },
        {
          "code": "ANC",
          "name": "츼ncash"
        },
        {
          "code": "APU",
          "name": "Apur칤mac"
        },
        {
          "code": "ARE",
          "name": "Arequipa"
        },
        {
          "code": "AYA",
          "name": "Ayacucho"
        },
        {
          "code": "CAJ",
          "name": "Cajamarca"
        },
        {
          "code": "CAL",
          "name": "Callao"
        },
        {
          "code": "CUS",
          "name": "Cusco"
        },
        {
          "code": "HUV",
          "name": "Huancavelica"
        },
        {
          "code": "HUC",
          "name": "Hu치nuco"
        },
        {
          "code": "ICA",
          "name": "Ica"
        },
        {
          "code": "JUN",
          "name": "Jun칤n"
        },
        {
          "code": "LAL",
          "name": "La Libertad"
        },
        {
          "code": "LAM",
          "name": "Lambayeque"
        },
        {
          "code": "LIM",
          "name": "Lima"
        },
        {
          "code": "LOR",
          "name": "Loreto"
        },
        {
          "code": "MDD",
          "name": "Madre de Dios"
        },
        {
          "code": "MOQ",
          "name": "Moquegua"
        },
        {
          "code": "PAS",
          "name": "Pasco"
        },
        {
          "code": "PIU",
          "name": "Piura"
        },
        {
          "code": "PUN",
          "name": "Puno"
        },
        {
          "code": "SAM",
          "name": "San Mart칤n"
        },
        {
          "code": "TAC",
          "name": "Tacna"
        },
        {
          "code": "TUM",
          "name": "Tumbes"
        },
        {
          "code": "UCA",
          "name": "Ucayali"
        }
      ]
    },
    {
      "code": "PF",
      "name": "Polinesia Francesa",
      "emoji": "游왫릖",
      "states": []
    },
    {
      "code": "PL",
      "name": "Polonia",
      "emoji": "游왫릖",
      "states": []
    },
    {
      "code": "PT",
      "name": "Portugal",
      "emoji": "游왫릖",
      "states": []
    },
    {
      "code": "PR",
      "name": "Puerto Rico",
      "emoji": "游왫릖",
      "states": []
    },
    {
      "code": "GB",
      "name": "Reino Unido",
      "emoji": "游섫릖",
      "states": []
    },
    {
      "code": "EH",
      "name": "Rep칰blica 츼rabe Saharaui Democr치tica",
      "emoji": "游쀯릖",
      "states": []
    },
    {
      "code": "CF",
      "name": "Rep칰blica Centroafricana",
      "emoji": "游뻟릖",
      "states": []
    },
    {
      "code": "CZ",
      "name": "Rep칰blica Checa",
      "emoji": "游뻟릖",
      "states": []
    },
    {
      "code": "CG",
      "name": "Rep칰blica del Congo",
      "emoji": "游뻟릖",
      "states": []
    },
    {
      "code": "CD",
      "name": "Rep칰blica Democr치tica del Congo",
      "emoji": "游뻟릖",
      "states": []
    },
    {
      "code": "DO",
      "name": "Rep칰blica Dominicana",
      "emoji": "游뾇릖",
      "states": [
        {
          "code": "01",
          "name": "Distrito Nacional"
        },
        {
          "code": "02",
          "name": "Azua"
        },
        {
          "code": "03",
          "name": "Baoruco"
        },
        {
          "code": "04",
          "name": "Barahona"
        },
        {
          "code": "05",
          "name": "Dajab칩n"
        },
        {
          "code": "06",
          "name": "Duarte"
        },
        {
          "code": "07",
          "name": "El칤as Pi침a"
        },
        {
          "code": "08",
          "name": "El Seibo"
        },
        {
          "code": "09",
          "name": "Espaillat"
        },
        {
          "code": "10",
          "name": "Independencia"
        },
        {
          "code": "11",
          "name": "La Altagracia"
        },
        {
          "code": "12",
          "name": "La Romana"
        },
        {
          "code": "13",
          "name": "La Vega"
        },
        {
          "code": "14",
          "name": "Mar칤a Trinidad S치nchez"
        },
        {
          "code": "15",
          "name": "Monte Cristi"
        },
        {
          "code": "16",
          "name": "Pedernales"
        },
        {
          "code": "17",
          "name": "Peravia"
        },
        {
          "code": "18",
          "name": "Puerto Plata"
        },
        {
          "code": "19",
          "name": "Hermanas Mirabal"
        },
        {
          "code": "20",
          "name": "Saman치"
        },
        {
          "code": "21",
          "name": "San Crist칩bal"
        },
        {
          "code": "22",
          "name": "San Jos칠 de Ocoa"
        },
        {
          "code": "23",
          "name": "San Juan"
        },
        {
          "code": "24",
          "name": "San Pedro de Macor칤s"
        },
        {
          "code": "25",
          "name": "S치nchez Ram칤rez"
        },
        {
          "code": "26",
          "name": "Santiago"
        },
        {
          "code": "27",
          "name": "Santiago Rodr칤guez"
        },
        {
          "code": "28",
          "name": "Santo Domingo"
        },
        {
          "code": "29",
          "name": "Valverde"
        },
        {
          "code": "30",
          "name": "Monse침or Nouel"
        },
        {
          "code": "31",
          "name": "Monte Plata"
        },
        {
          "code": "32",
          "name": "Hato Mayor"
        }
      ]
    },
    {
      "code": "RE",
      "name": "Reuni칩n",
      "emoji": "游游",
      "states": []
    },
    {
      "code": "RW",
      "name": "Ruanda",
      "emoji": "游游",
      "states": []
    },
    {
      "code": "RO",
      "name": "Rumania",
      "emoji": "游游",
      "states": []
    },
    {
      "code": "RU",
      "name": "Rusia",
      "emoji": "游游",
      "states": []
    },
    {
      "code": "WS",
      "name": "Samoa",
      "emoji": "游쩛릖",
      "states": []
    },
    {
      "code": "AS",
      "name": "Samoa Americana",
      "emoji": "游뷣릖",
      "states": []
    },
    {
      "code": "BL",
      "name": "San Bartolom칠",
      "emoji": "游游",
      "states": []
    },
    {
      "code": "KN",
      "name": "San Crist칩bal y Nieves",
      "emoji": "游썷릖",
      "states": []
    },
    {
      "code": "SM",
      "name": "San Marino",
      "emoji": "游젏릖",
      "states": []
    },
    {
      "code": "MF",
      "name": "San Mart칤n",
      "emoji": "游쓇릖",
      "states": []
    },
    {
      "code": "SX",
      "name": "San Mart칤n",
      "emoji": "游젏릖",
      "states": []
    },
    {
      "code": "PM",
      "name": "San Pedro y Miquel칩n",
      "emoji": "游왫릖",
      "states": []
    },
    {
      "code": "VC",
      "name": "San Vicente y las Granadinas",
      "emoji": "游游",
      "states": []
    },
    {
      "code": "SH",
      "name": "Santa Elena, Ascensi칩n y Trist치n de Acu침a",
      "emoji": "游젏릖",
      "states": []
    },
    {
      "code": "LC",
      "name": "Santa Luc칤a",
      "emoji": "游쐟릖",
      "states": []
    },
    {
      "code": "ST",
      "name": "Santo Tom칠 y Pr칤ncipe",
      "emoji": "游젏릖",
      "states": []
    },
    {
      "code": "SN",
      "name": "Senegal",
      "emoji": "游젏릖",
      "states": []
    },
    {
      "code": "RS",
      "name": "Serbia",
      "emoji": "游游",
      "states": []
    },
    {
      "code": "SC",
      "name": "Seychelles",
      "emoji": "游젏릖",
      "states": []
    },
    {
      "code": "SL",
      "name": "Sierra Leona",
      "emoji": "游젏릖",
      "states": []
    },
    {
      "code": "SG",
      "name": "Singapur",
      "emoji": "游젏릖",
      "states": []
    },
    {
      "code": "SY",
      "name": "Siria",
      "emoji": "游젏릖",
      "states": []
    },
    {
      "code": "SO",
      "name": "Somalia",
      "emoji": "游젏릖",
      "states": []
    },
    {
      "code": "LK",
      "name": "Sri Lanka",
      "emoji": "游쐟릖",
      "states": []
    },
    {
      "code": "SZ",
      "name": "Suazilandia",
      "emoji": "游젏릖",
      "states": []
    },
    {
      "code": "ZA",
      "name": "Sud치frica",
      "emoji": "游游",
      "states": []
    },
    {
      "code": "SD",
      "name": "Sud치n",
      "emoji": "游젏릖",
      "states": []
    },
    {
      "code": "SS",
      "name": "Sud치n del Sur",
      "emoji": "游젏릖",
      "states": []
    },
    {
      "code": "SE",
      "name": "Suecia",
      "emoji": "游젏릖",
      "states": []
    },
    {
      "code": "CH",
      "name": "Suiza",
      "emoji": "游뻟릖",
      "states": []
    },
    {
      "code": "SR",
      "name": "Surinam",
      "emoji": "游젏릖",
      "states": []
    },
    {
      "code": "SJ",
      "name": "Svalbard y Jan Mayen",
      "emoji": "游젏릖",
      "states": []
    },
    {
      "code": "TH",
      "name": "Tailandia",
      "emoji": "游좷릖",
      "states": []
    },
    {
      "code": "TW",
      "name": "Taiw치n (Rep칰blica de China)",
      "emoji": "游좷릖",
      "states": []
    },
    {
      "code": "TZ",
      "name": "Tanzania",
      "emoji": "游좷릖",
      "states": []
    },
    {
      "code": "TJ",
      "name": "Tayikist치n",
      "emoji": "游좷릖",
      "states": []
    },
    {
      "code": "IO",
      "name": "Territorio Brit치nico del Oc칠ano 칈ndico",
      "emoji": "游쉻릖",
      "states": []
    },
    {
      "code": "TF",
      "name": "Tierras Australes y Ant치rticas Francesas",
      "emoji": "游좷릖",
      "states": []
    },
    {
      "code": "TL",
      "name": "Timor Oriental",
      "emoji": "游좷릖",
      "states": []
    },
    {
      "code": "TG",
      "name": "Togo",
      "emoji": "游좷릖",
      "states": []
    },
    {
      "code": "TK",
      "name": "Tokelau",
      "emoji": "游좷릖",
      "states": []
    },
    {
      "code": "TO",
      "name": "Tonga",
      "emoji": "游좷릖",
      "states": []
    },
    {
      "code": "TT",
      "name": "Trinidad y Tobago",
      "emoji": "游좷릖",
      "states": []
    },
    {
      "code": "TN",
      "name": "T칰nez",
      "emoji": "游좷릖",
      "states": []
    },
    {
      "code": "TM",
      "name": "Turkmenist치n",
      "emoji": "游좷릖",
      "states": []
    },
    {
      "code": "TR",
      "name": "Turqu칤a",
      "emoji": "游좷릖",
      "states": []
    },
    {
      "code": "TV",
      "name": "Tuvalu",
      "emoji": "游좷릖",
      "states": []
    },
    {
      "code": "UA",
      "name": "Ucrania",
      "emoji": "游쥟릖",
      "states": []
    },
    {
      "code": "UG",
      "name": "Uganda",
      "emoji": "游쥟릖",
      "states": []
    },
    {
      "code": "UY",
      "name": "Uruguay",
      "emoji": "游쥟릖",
      "states": [
        {
          "code": "AR",
          "name": "Artigas"
        },
        {
          "code": "CA",
          "name": "Canelones"
        },
        {
          "code": "CL",
          "name": "Cerro Largo"
        },
        {
          "code": "CO",
          "name": "Colonia"
        },
        {
          "code": "DU",
          "name": "Durazno"
        },
        {
          "code": "FS",
          "name": "Flores"
        },
        {
          "code": "FD",
          "name": "Florida"
        },
        {
          "code": "LA",
          "name": "Lavalleja"
        },
        {
          "code": "MA",
          "name": "Maldonado"
        },
        {
          "code": "MO",
          "name": "Montevideo"
        },
        {
          "code": "PA",
          "name": "Paysand칰"
        },
        {
          "code": "RN",
          "name": "R칤o Negro"
        },
        {
          "code": "RV",
          "name": "Rivera"
        },
        {
          "code": "RO",
          "name": "Rocha"
        },
        {
          "code": "SA",
          "name": "Salto"
        },
        {
          "code": "SJ",
          "name": "San Jos칠"
        },
        {
          "code": "SO",
          "name": "Soriano"
        },
        {
          "code": "TA",
          "name": "Tacuaremb칩"
        },
        {
          "code": "TT",
          "name": "Treinta y Tres"
        }
      ]
    },
    {
      "code": "UZ",
      "name": "Uzbekist치n",
      "emoji": "游쥟릖",
      "states": []
    },
    {
      "code": "VU",
      "name": "Vanuatu",
      "emoji": "游游",
      "states": []
    },
    {
      "code": "VA",
      "name": "Vaticano, Ciudad del",
      "emoji": "游游",
      "states": []
    },
    {
      "code": "VE",
      "name": "Venezuela",
      "emoji": "游游",
      "states": [
        {
          "code": "Z",
          "name": "Amazonas"
        },
        {
          "code": "B",
          "name": "Anzo치tegui"
        },
        {
          "code": "C",
          "name": "Apure"
        },
        {
          "code": "D",
          "name": "Aragua"
        },
        {
          "code": "E",
          "name": "Barinas"
        },
        {
          "code": "F",
          "name": "Bol칤var"
        },
        {
          "code": "G",
          "name": "Carabobo"
        },
        {
          "code": "H",
          "name": "Cojedes"
        },
        {
          "code": "Y",
          "name": "Delta Amacuro"
        },
        {
          "code": "W",
          "name": "Dependencias Federales"
        },
        {
          "code": "A",
          "name": "Distrito Capital"
        },
        {
          "code": "I",
          "name": "Falc칩n"
        },
        {
          "code": "J",
          "name": "Gu치rico"
        },
        {
          "code": "X",
          "name": "La Guaira"
        },
        {
          "code": "K",
          "name": "Lara"
        },
        {
          "code": "L",
          "name": "M칠rida"
        },
        {
          "code": "M",
          "name": "Miranda"
        },
        {
          "code": "N",
          "name": "Monagas"
        },
        {
          "code": "O",
          "name": "Nueva Esparta"
        },
        {
          "code": "P",
          "name": "Portuguesa"
        },
        {
          "code": "R",
          "name": "Sucre"
        },
        {
          "code": "S",
          "name": "T치chira"
        },
        {
          "code": "T",
          "name": "Trujillo"
        },
        {
          "code": "U",
          "name": "Yaracuy"
        },
        {
          "code": "V",
          "name": "Zulia"
        }
      ]
    },
    {
      "code": "VN",
      "name": "Vietnam",
      "emoji": "游游",
      "states": []
    },
    {
      "code": "WF",
      "name": "Wallis y Futuna",
      "emoji": "游쩛릖",
      "states": []
    },
    {
      "code": "YE",
      "name": "Yemen",
      "emoji": "游쮫릖",
      "states": []
    },
    {
      "code": "DJ",
      "name": "Yibuti",
      "emoji": "游뾇릖",
      "states": []
    },
    {
      "code": "ZM",
      "name": "Zambia",
      "emoji": "游游",
      "states": []
    },
    {
      "code": "ZW",
      "name": "Zimbabue",
      "emoji": "游游",
      "states": []
    }
  ]
}